,GCS_EYE,GCS_MOTOR,GCS_VERBAL,GCS_TOTAL,CAPILLARY_REFILL,D_BLOOD_PRESSURE_A,D_BLOOD_PRESSURE_B,M_BLOOD_PRESSURE_A,M_BLOOD_PRESSURE_B,S_BLOOD_PRESSURE_A,S_BLOOD_PRESSURE_B,HEART_RATE_A,HEART_RATE_B,GLUCOSE_A,GLUCOSE_B,FRAC_OXYGEN_A,FRAC_OXYGEN_B,O2_SAT_A,O2_SAT_B,RESP_RATE_A,RESP_RATE_B,BODY_TEMP_A,BODY_TEMP_B,PH_A,PH_B,WEIGHT_A,WEIGHT_B,HEIGHT_A,HEIGHT_B
0,3.7142857142857144,6.0,3.5714285714285716,13.285714285714286,,-0.2648719062092922,70.89115646258503,-0.329190186712983,89.0484693877551,-0.2452778983933999,118.5765306122449,-0.13113330438558402,80.91496598639455,11.773809523809526,27.916666666666657,,,-0.01792321924144311,97.98670212765958,-0.001465479808944851,22.180272108843536,-1.8515173771998257,78.17037846491887,0.009999999999999785,7.4766666666666675,0.9999999999999998,78.69999694824219,,
