,GCS_EYE,GCS_MOTOR,GCS_VERBAL,GCS_TOTAL,CAPILLARY_REFILL,D_BLOOD_PRESSURE_A,D_BLOOD_PRESSURE_B,M_BLOOD_PRESSURE_A,M_BLOOD_PRESSURE_B,S_BLOOD_PRESSURE_A,S_BLOOD_PRESSURE_B,HEART_RATE_A,HEART_RATE_B,GLUCOSE_A,GLUCOSE_B,FRAC_OXYGEN_A,FRAC_OXYGEN_B,O2_SAT_A,O2_SAT_B,RESP_RATE_A,RESP_RATE_B,BODY_TEMP_A,BODY_TEMP_B,PH_A,PH_B,WEIGHT_A,WEIGHT_B,HEIGHT_A,HEIGHT_B
0,2.857142857142857,5.285714285714286,2.4285714285714284,10.571428571428571,,-0.19299305345816983,65.35517970401692,-0.20306296086216688,77.6389811738649,0.10253699788583508,101.61416490486258,-0.2683479311386288,102.12367864693447,0.04410256410256407,77.56410256410257,,,0.00800362428269405,99.57610993657505,0.199637571730595,14.947145877378436,-0.07944694384989438,69.850286454914,-0.011363636363636374,7.430454545454544,4.900001525878905,87.19999694824219,,
