,GCS_EYE,GCS_MOTOR,GCS_VERBAL,GCS_TOTAL,CAPILLARY_REFILL,D_BLOOD_PRESSURE_A,D_BLOOD_PRESSURE_B,M_BLOOD_PRESSURE_A,M_BLOOD_PRESSURE_B,S_BLOOD_PRESSURE_A,S_BLOOD_PRESSURE_B,HEART_RATE_A,HEART_RATE_B,GLUCOSE_A,GLUCOSE_B,FRAC_OXYGEN_A,FRAC_OXYGEN_B,O2_SAT_A,O2_SAT_B,RESP_RATE_A,RESP_RATE_B,BODY_TEMP_A,BODY_TEMP_B,PH_A,PH_B,WEIGHT_A,WEIGHT_B,HEIGHT_A,HEIGHT_B
0,4.0,6.0,5.0,15.0,,-0.8493293246993525,92.1090425531915,-0.8249306197964846,102.12234042553192,-0.7421369102682701,134.83510638297872,0.06833478072079902,93.66496598639455,43.19999999999999,129.20000000000002,,,-0.06521739130434781,99.37234042553192,0.13715805471124615,12.339285714285715,0.2611111111111121,36.17777777777778,,,59.199999999999996,49.30000000000001,,
