,GCS_EYE,GCS_MOTOR,GCS_VERBAL,GCS_TOTAL,CAPILLARY_REFILL,D_BLOOD_PRESSURE_A,D_BLOOD_PRESSURE_B,M_BLOOD_PRESSURE_A,M_BLOOD_PRESSURE_B,S_BLOOD_PRESSURE_A,S_BLOOD_PRESSURE_B,HEART_RATE_A,HEART_RATE_B,GLUCOSE_A,GLUCOSE_B,FRAC_OXYGEN_A,FRAC_OXYGEN_B,O2_SAT_A,O2_SAT_B,RESP_RATE_A,RESP_RATE_B,BODY_TEMP_A,BODY_TEMP_B,PH_A,PH_B,WEIGHT_A,WEIGHT_B,HEIGHT_A,HEIGHT_B
0,4.0,6.0,5.0,15.0,1.0,-0.17075098814229253,58.95652173913044,1.1071230342275669,60.350601295097135,-0.2803689064558631,116.50144927536232,-0.28388066604995377,89.7845744680851,3.1666666666666634,60.66666666666668,,,-0.04761023743447424,99.98427382053654,-0.14627659574468083,25.3218085106383,-0.010989010989010953,36.3052503052503,-0.01000000000000014,7.41,,,,
