,GCS_EYE,GCS_MOTOR,GCS_VERBAL,GCS_TOTAL,CAPILLARY_REFILL,D_BLOOD_PRESSURE_A,D_BLOOD_PRESSURE_B,M_BLOOD_PRESSURE_A,M_BLOOD_PRESSURE_B,S_BLOOD_PRESSURE_A,S_BLOOD_PRESSURE_B,HEART_RATE_A,HEART_RATE_B,GLUCOSE_A,GLUCOSE_B,FRAC_OXYGEN_A,FRAC_OXYGEN_B,O2_SAT_A,O2_SAT_B,RESP_RATE_A,RESP_RATE_B,BODY_TEMP_A,BODY_TEMP_B,PH_A,PH_B,WEIGHT_A,WEIGHT_B,HEIGHT_A,HEIGHT_B
0,4.0,6.0,5.0,15.0,,-0.10198889916743763,57.00531914893617,-0.16770601713690464,74.72250101414133,-0.29914431082331167,110.15691489361701,-0.26306660499537454,77.22074468085106,0.20341880341880333,89.26495726495726,,,0.030064754856614244,98.58510638297872,-0.046831637372802964,20.09840425531915,3.6561728583441817,15.975310431586376,,,,,,
